Workbook

Sheet 300總表
A1: 苗栗縣立永貞國民小學
A2: 總表[預算]
A3: 工程名稱 | B3: 115年度圖書館空間改善工程 | G3: 會計科目
A4: 施工地點 | B4: 苗栗縣 | G4: 工程編號
A5: 項次 | B5: 工程項目 | G5: 金額 | J5: 備註
A6: 壹 | B6: 發包工程費
A7: 一 | B7: 拆除清運工程 | G7: ='300詳細價目表 '!F14 -> 108200
A8: 二 | B8: 水電燈具工程 | G8: ='300詳細價目表 '!F40 -> 255010
A9: 三 | B9: 裝修工程 | G9: ='300詳細價目表 '!F69 -> 1681500
A10: 四 | B10: 家具及設備工程 | G10: ='300詳細價目表 '!F79 -> 264210
A11: 五 | B11: 假設工程 | G11: ='300詳細價目表 '!F86 -> 70000
B12: 合計A(一~五) | G12: ='300詳細價目表 '!F87 -> 2378920
A13: 六 | B13: 職業安全衛生管理費 | G13: ='300詳細價目表 '!F88 -> 16652.44
A14: 七 | B14: 工程品管作業費 | G14: ='300詳細價目表 '!F89 -> 166524.4
A15: 八 | B15: 包商利潤管理費 | G15: ='300詳細價目表 '!F90 -> 16652.44
A16: 九 | B16: 營造綜合保險費 | G16: ='300詳細價目表 '!F91 -> 8326.22
A17: 十 | B17: 包商營業稅 | G17: ='300詳細價目表 '!F92 -> 128937.46
A18: 貳 | B18: 自辦工程費
A19: 一 | B19: 工理管理費 | G19: ='300詳細價目表 '!F96 -> 71367.6
A20: 二 | B20: 空氣汙染防制費 | G20: ='300詳細價目表 '!F97 -> 8148.0389
A21: 三 | B21: 委外設計監造費 | G21: ='300詳細價目表 '!F98 -> 204471.12
B22: 小計 | G22: ='300詳細價目表 '!F99 -> 283986.76
B23: 總計 | G23: ='300詳細價目表 '!F100 -> 2999999.7
A24: 本 工 程 總 額 | C24: 新台幣 | D24: 參佰萬

Sheet 300詳細價目表 
A1: 苗栗縣永貞國小中學
A2: 詳細價目表[預算]
A3: 工程名稱 | B3: 115年度圖書館空間改善工程 | E3: 會計科目
A4: 施工地點 | B4: 苗栗縣 | E4: 工程編號
A5: 項 次 | B5: 項 目 及 說 明 | C5: 單 位 | D5: 數 量 | E5: 單 價 | F5: 複 價 | G5: 編碼(備註)
A6: 壹 | B6: 發包工程費
A7: 一 | B7: 拆除清運工程
A8: 1 | B8: 既有燈具、吊扇、拆除清運 | C8: 式 | D8: 1 | E8: 16000 | F8: =E8*D8 -> 16000
A9: 2 | B9: 既有捲簾含軌道五金拆卸 | C9: 式 | D9: 1 | E9: 8500 | F9: =E9*D9 -> 8500
A10: 3 | B10: 既有鐵窗及鐵捲門拆除(交由校方) | C10: 式 | D10: 1 | E10: 12500 | F10: =E10*D10 -> 12500
A11: 4 | B11: 既有水槽拆除清運 | C11: 座 | D11: 1 | E11: 16000 | F11: =E11*D11 -> 16000
A12: 5 | B12: 既有木櫃拆除清運 | C12: 座 | D12: 4 | E12: 6900 | F12: =E12*D12 -> 27600
A13: 6 | B13: 既有土台拆除清運 | C13: 座 | D13: 4 | E13: 6900 | F13: =E13*D13 -> 27600 | G13: 含地板修復
B14: 小計 | F14: =SUM(F8:F13) -> 108200
A15: 二 | B15: 水電燈具工程
A16: 1 | B16: 藤扁吊燈(大) | C16: 組 | D16: 1 | E16: 4800 | F16: =E16*D16 -> 4800
A17: 2 | B17: 藤扁吊燈(小) | C17: 組 | D17: 4 | E17: 2700 | F17: =E17*D17 -> 10800
A18: 3 | B18: 吊燈安裝工資 | C18: 組 | D18: 6 | E18: 1080 | F18: =E18*D18 -> 6480
A19: 4 | B19: 吸頂圓筒燈 | C19: 組 | D19: 32 | E19: 850 | F19: =E19*D19 -> 27200
A20: 5 | B20: 吸頂圓筒燈安裝工資 | C20: 組 | D20: 32 | E20: 450 | F20: =E20*D20 -> 14400
A21: 6 | B21: LED崁燈 | C21: 組 | D21: 9 | E21: 850 | F21: =E21*D21 -> 7650
A22: 7 | B22: LED崁燈安裝工資 | C22: 組 | D22: 9 | E22: 640 | F22: =E22*D22 -> 5760
A23: 8 | B23: 軌道含吊桿 | C23: 米 | D23: 6 | E23: 640 | F23: =E23*D23 -> 3840
A24: 9 | B24: 投射型軌道燈 | C24: 組 | D24: 3 | E24: 480 | F24: =E24*D24 -> 1440
A25: 10 | B25: 散光型軌道燈 | C25: 組 | D25: 3 | E25: 480 | F25: =E25*D25 -> 1440
A26: 11 | B26: 軌道燈安裝工資 | C26: 組 | D26: 6 | E26: 105 | F26: =E26*D26 -> 630
A27: 12 | B27: 新設線型吊燈 | C27: 組 | D27: 1 | E27: 3600 | F27: =E27*D27 -> 3600
... A32: 17 | B32: 新設雙連插座接地型 | C32: 迴 | D32: 6 | E32: 1595 | F32: =E32*D32 -> 9570
A33: 18 | B33: 新設雙連插座接地型-USB插座 | C33: 迴 | D33: 2 | E33: 2700 | F33: =E33*D33 -> 5400 | G33: 窗邊閱讀桌(W140*D60cm)各設1個USB插座
A34: 19 | B34: 新設網路插座接地型 | C34: 迴 | D34: 3 | E34: 1620 | F34: =E34*D34 -> 4860
A35: 20 | B35: 新設電視插座接地型 | C35: 迴 | D35: 1 | E35: 1620 | F35: =E35*D35 -> 1620
A36: 21 | B36: 新設電話插座接地型 | C36: 迴 | D36: 1 | E36: 1620 | F36: =E36*D36 -> 1620
A37: 22 | B37: 既有冷氣拆裝 | C37: 式 | D37: 1 | E37: 17000 | F37: =E37*D37 -> 17000
A38: 23 | B38: 既有開關迴路檢整佈線 | C38: 迴 | D38: 14 | E38: 5400 | F38: =E38*D38 -> 75600
A39: 24 | B39: 既有室內型攝影機拆裝(含線路安裝) | C39: 支 | D39: 2 | E39: 2500 | F39: =D39*E39 -> 5000 | G39: 由校方提供攝影機設備代為安裝
B40: 小計 | F40: =SUM(F16:F39) -> 255010
A41: 三 | B41: 裝修工程
A42: 1 | B42: 入口處-大門造型入口意象(含logo,主題書櫃) | C42: 式 | D42: 1 | E42: 256500 | F42: =E42*D42 -> 256500
A43: 2 | B43: 入口處-木作移動式還書箱 | C43: 座 | D43: 1 | E43: 9000 | F43: =E43*D43 -> 9000
A44: 3 | B44: 木作服務櫃台(含單面抽屜+線型燈條) | C44: 座 | D44: 1 | E44: 105000 | F44: =E44*D44 -> 105000
A45: 4 | B45: 舞台區-木作架高地板(含線型燈條) | C45: 座 | D45: 1 | E45: 45000 | F45: =E45*D45 -> 45000
A46: 5 | B46: 舞台區-造型木作拉推拉門 | C46: 樘 | D46: 2 | E46: 16000 | F46: =E46*D46 -> 32000
A47: 6 | B47: 舞台區-造型拉推拉門上方封板 | C47: 尺 | D47: 20 | E47: 1900 | F47: =E47*D47 -> 38000
A48: 7 | B48: 電信設備櫃(一) | C48: 座 | D48: 1 | E48: 13000 | F48: =E48*D48 -> 13000
A49: 8 | B49: 電信設備櫃(二) | C49: 座 | D49: 1 | E49: 7000 | F49: =E49*D49 -> 7000
A50: 9 | B50: 廣播設備櫃 | C50: 座 | D50: 1 | E50: 9000 | F50: =E50*D50 -> 9000
A51: 10 | B51: 監視設備櫃 | C51: 座 | D51: 1 | E51: 20000 | F51: =E51*D51 -> 20000
A52: 11 | B52: 保全及電箱設備櫃 | C52: 座 | D52: 1 | E52: 24000 | F52: =E52*D52 -> 24000
A53: 12 | B53: 系統櫃開放矮書櫃(W65*D30*H115cm) | C53: 座 | D53: 4 | E53: 7000 | F53: =E53*D53 -> 28000 | G53: 舞台區
A54: 13 | B54: 系統櫃開放矮書櫃(W60*D30*H115cm) | C54: 座 | D54: 11 | E54: 6500 | F54: =E54*D54 -> 71500 | G54: 靠窗邊
A55: 14 | B55: 系統櫃開放矮書櫃(W60*D30*H115cm) | C55: 座 | D55: 41 | E55: 6500 | F55: =E55*D55 -> 266500 | G55: 圖書區*31 理書區*10
A56: 15 | B56: 系統櫃開放高書櫃(W60*D30*H210cm) | C56: 座 | D56: 13 | E56: 8300 | F56: =E56*D56 -> 107900 | G56: 圖書區/舞台區
A57: 16 | B57: 系統櫃開放高書櫃(W44*D30*H210cm) | C57: 座 | D57: 1 | E57: 7000 | F57: =E57*D57 -> 7000 | G57: 舞台區
A58: 17 | B58: 系統櫃開放高書櫃(W25*D30*H210cm) | C58: 座 | D58: 1 | E58: 5000 | F58: =E58*D58 -> 5000 | G58: 圖書區
A59: 18 | B59: 系統櫃開放高書櫃(W60*D30*H220cm) | C59: 座 | D59: 4 | E59: 8200 | F59: =E59*D59 -> 32800 | G59: 理書區
A60: 19 | B60: 系統櫃開放高書櫃(W24*D30*H220cm) | C60: 座 | D60: 1 | E60: 3900 | F60: =E60*D60 -> 3900 | G60: 理書區
A61: 20 | B61: 新書展示櫃(W1800*D30*H1450cm) | C61: 座 | D61: 1 | E61: 72000 | F61: =E61*D61 -> 72000
A62: 21 | B62: 雜誌櫃(W120*D50*H1150cm) | C62: 座 | D62: 1 | E62: 52000 | F62: =E62*D62 -> 52000
A63: 22 | B63: 造型大窩居(含泡棉) | C63: 座 | D63: 1 | E63: 100000 | F63: =E63*D63 -> 100000
A64: 23 | B64: 造型小窩居(含泡棉) | C64: 座 | D64: 1 | E64: 70000 | F64: =E64*D64 -> 70000
A65: 24 | B65: 造型矮凳 | C65: 張 | D65: 9 | E65: 5000 | F65: =E65*D65 -> 45000
A66: 25 | B66: 全室牆面/天花板重新粉刷修補(跳色) | C66: 坪 | D66: 104 | E66: 1100 | F66: =E66*D66 -> 114400
A67: 26 | B67: 防焰捲簾 | C67: 組 | D67: 18 | E67: 4000 | F67: =E67*D67 -> 72000
A68: 27 | B68: PVC地板 | C68: 坪 | D68: 50 | E68: 1500 | F68: =E68*D68 -> 75000
B69: 小計 | F69: =SUM(F42:F68) -> 1681500
A70: 四 | B70: 家具及設備工程
A71: 1 | B71: 櫃檯區辦公椅 | C71: 張 | D71: 2 | E71: 3000 | F71: =E71*D71 -> 6000
A72: 2 | B72: 討論區移動式造型桌 | C72: 張 | D72: 27 | E72: 6200 | F72: =E72*D72 -> 167400
A73: 3 | B73: 窗邊閱讀桌(W140*D40cm) | C73: 張 | D73: 2 | E73: 9000 | F73: =E73*D73 -> 18000
A74: 4 | B74: 檢索桌(W100*D60cm) | C74: 張 | D74: 1 | E74: 8500 | F74: =E74*D74 -> 8500
A75: 5 | B75: 討論區及窗邊區座椅 | C75: 張 | D75: 41 | E75: 1300 | F75: =E75*D75 -> 53300
A76: 6 | B76: 書櫃壓克力標示牌(W15*H5cm) | C76: 片 | D76: 30 | E76: 103 | F76: =E76*D76 -> 3090
A77: 7 | B77: 懸掛式壓克力標示牌(W40*H15cm) | C77: 片 | D77: 5 | E77: 1080 | F77: =E77*D77 -> 5400
A78: 8 | B78: 鐵製書報架(W60*H109cm) | C78: 座 | D78: 1 | E78: 2520 | F78: =E78*D78 -> 2520
B79: 小計 | F79: =SUM(F71:F78) -> 264210
A80: 五 | B80: 假設工程
A81: 1 | B81: 工程告示牌含圍籬 | C81: 式 | D81: 1 | E81: 17000 | F81: =E81*D81 -> 17000
A82: 2 | B82: 施工測量，工地放樣 | C82: 組 | D82: 1 | E82: 7000 | F82: =E82*D82 -> 7000
A83: 3 | B83: 機具搬運費 | C83: 式 | D83: 1 | E83: 7000 | F83: =E83*D83 -> 7000
A84: 4 | B84: 材料搬運費 | C84: 式 | D84: 1 | E84: 13000 | F84: =E84*D84 -> 13000
A85: 5 | B85: 環境清潔及維護復原費 | C85: 式 | D85: 1 | E85: 26000 | F85: =E85*D85 -> 26000
B86: 小計 | F86: =SUM(F81:F85) -> 70000
B87: 合計A(一~五) | F87: =SUM(F86,F79,F69,F40,F14) -> 2378920
A88: 六 | B88: 職業安全衛生管理費 | C88: 式 | D88: 1 | E88: 0.007 | F88: =SUM(F87)*E88 -> 16652.44
A89: 七 | B89: 工程品管作業費 | C89: 式 | D89: 1 | E89: 0.07 | F89: =SUM(F87)*E89 -> 166524.4
A90: 八 | B90: 包商利潤管理費 | C90: 式 | D90: 1 | E90: 0.007 | F90: =SUM(F87)*E90 -> 16652.44
A91: 九 | B91: 營造綜合保險費 | C91: 式 | D91: 1 | E91: 0.0035 | F91: =SUM(F87)*E91 -> 8326.22
A92: 十 | B92: 包商營業稅 | C92: 式 | D92: 1 | E92: 5.00% | F92: =SUM(F87,F88:F90)*E92 -> 128937.46
B93: 小計 | F93: =SUM(F88:F92) -> 337092.96
B94: 合計B | F94: =SUM(F87,F93) -> 2716013
A95: 貳 | B95: 自辦工程費
A96: 一 | B96: 工程管理費 | C96: 式 | D96: 1 | E96: 0.03 | F96: =SUM(F87)*E96 -> 71367.6
A97: 二 | B97: 空氣汙染防制費 | C97: 式 | D97: 1 | E97: 0.003 | F97: =SUM(F94)*E97 -> 8148.0389
A98: 三 | B98: 委外設計監造費 | C98: 式 | D98: 1 | E98: 0.086 | F98: =SUM(F87)*E98-116 -> 204471.12
B99: 小計 | F99: =SUM(F96:F98) -> 283986.76
B100: 總計 | F100: =SUM(F94,F99) -> 2999999.7
A101: 本 工 程 總 額 | C101: 新台幣 | D101: 參佰萬
B118: =8.2+17.5+18.5+14.8+4.7+13+37+18.9 -> 132.6
B119: =B118*1.2 -> 159.12

Sheet 單價分析表
A1: 苗栗縣立三灣國民中學
A2: 單價分析表[預算]
A3: 工程名稱:苗栗縣立三灣國民中學教師宿舍修繕工程
A4: 項次： | B4: 工程編號：
A5: 壹.二.1 | B5: 櫃檯區造型矮牆 | G5: 單位: | H5: 尺 | J5: 編碼(備註)
B6: 工料名稱 | F6: 單位 | G6: 數量 | H6: 單價 | I6: 複價
B7: 角材 | F7: 支 | G7: 8 | H7: 500 | I7: =H7*G7 -> 4000 | K7: 30800
B8: 皮板 | F8: 片 | G8: 10 | H8: 1200 | I8: =H8*G8 -> 12000
B9: 五金配件 | F9: 式 | G9: 1 | H9: 1500 | I9: =H9*G9 -> 1500
B10: 安裝工資 | F10: 工 | G10: 3 | H10: 3500 | I10: =H10*G10 -> 10500
B11: 搬運及備料 | F11: 式 | G11: 1 | H11: 2800 | I11: =H11*G11 -> 2800
B12: 小計 | F12: =SUM(I7:I11) -> 30800
A22: 壹.二.3 | B22: 柱面修飾 | G22: 單位: | H22: 處
B23: 工料名稱 | F23: 單位 | G23: 數量 | H23: 單價 | I23: 複價 | K23: 28000
B24: 角材 | F24: 支 | G24: 6 | H24: 500 | I24: =H24*G24 -> 3000
B25: 皮板 | F25: 片 | G25: 8 | H25: 1200 | I25: =H25*G25 -> 9600
B26: 五金配件 | F26: 式 | G26: 1 | H26: 2000 | I26: =H26*G26 -> 2000
B27: 安裝工資 | F27: 工 | G27: 3 | H27: 3500 | I27: =H27*G27 -> 10500
B28: 搬運及備料 | F28: 式 | G28: 1 | H28: 2900 | I28: =H28*G28 -> 2900
B29: 小計 | F29: =SUM(I24:I28) -> 28000
A39: 壹.二.10 | B39: =#REF! -> #REF! | G39: 單位: | H39: =#REF! -> #REF! | J39: 編碼(備註)
B40: 工料名稱 | F40: 單位 | G40: 數量 | H40: 單價 | I40: 複價 | K40: =#REF! -> #REF!
B41: 角材 | F41: 支 | G41: 0.4 | H41: 500 | I41: =H41*G41 -> 200
B42: 皮板 | F42: 片 | G42: 0.5 | H42: 1200 | I42: =H42*G42 -> 600
B43: 五金配件 | F43: 式 | G43: 1 | H43: 80 | I43: =H43*G43 -> 80
B44: 安裝工資 | F44: 工 | G44: 1 | H44: 300 | I44: =H44*G44 -> 300
B45: 搬運及備料 | F45: 式 | G45: 1 | H45: 500 | I45: =H45*G45 -> 500
B46: 小計 | F46: =SUM(I41:I45) -> 1680
A56: 壹.二.17 | B56: =#REF! -> #REF! | G56: 單位: | H56: =#REF! -> #REF!
B57: 工料名稱 | F57: 單位 | G57: 數量 | H57: 單價 | I57: 複價
B58: 牆面批土 | F58: 坪 | G58: 1 | H58: 150 | I58: =H58*G58 -> 150 | K58: =#REF! -> #REF!
B59: 水泥漆 | F59: 坪 | G59: 1 | H59: 200 | I59: =H59*G59 -> 200
B60: 五金、耗材配件 | F60: 式 | G60: 1 | H60: 33 | I60: =H60*G60 -> 33
B61: 施作工資 | F61: 工 | G61: 1 | H61: 500 | I61: =H61*G61 -> 500
B62: 備料 | F62: 式 | G62: 1 | H62: 43 | I62: =H62*G62 -> 43
B63: 小計 | F63: =SUM(I58:I62) -> 926
A74: 參-19 | B74: =#REF! -> #REF! | G74: 單位: | H74: =#REF! -> #REF! | J74: 編碼(備註)
B75: 工料名稱 | F75: 單位 | G75: 數量 | H75: 單價 | I75: 複價
B76: PVC地磚 | F76: 坪 | G76: 1 | H76: 750 | I76: =H76*G76 -> 750 | K76: =#REF! -> #REF!
B77: 地板感壓膠 | F77: 坪 | G77: 1 | H77: 250 | I77: =H77*G77 -> 250
B78: 五金、耗材配件 | F78: 式 | G78: 1 | H78: 82 | I78: =H78*G78 -> 82
B79: 施作工資 | F79: 工 | G79: 1 | H79: 300 | I79: =H79*G79 -> 300
B80: 備料 | F80: 式 | G80: 1 | H80: 200 | I80: =H80*G80 -> 200
B81: 小計 | F81: =SUM(I76:I80) -> 1582
